Dopant,EN,IR,State,NED,FIE,Ratio,MMM,LV,HV,Current,DC,References
Mo,2.16,70,4,42,684.3,0.114,97.8783,1,1.8,0.1,231,1
Mo,2.16,70,4,42,684.3,0.114,97.8783,1,1.8,0.2,329,1
Mo,2.16,70,4,42,684.3,0.114,97.8783,1,1.8,0.5,297,1
Mo,2.16,70,4,42,684.3,0.114,97.8783,1,1.8,1,251,1
Mo,2.16,70,4,42,684.3,0.114,97.8783,1,1.8,2,174,1
Mo,2.16,70,4,42,684.3,0.114,97.8783,1,1.8,0.2,370,1
Mo,2.16,70,4,42,684.3,0.114,97.8783,1,1.8,0.2,207,1
Ce,1.12,103.4,3,58,534.4,0.21,116.3631,0.9,1.8,0.3,198,2
Ce,1.12,103.4,3,58,534.4,0.21,116.3631,0.9,1.8,0.6,216,2
Ce,1.12,103.4,3,58,534.4,0.21,116.3631,0.9,1.8,0.9,212,2
Ce,1.12,103.4,3,58,534.4,0.21,116.3631,0.9,1.8,1.5,152,2
Ce,1.12,103.4,3,58,534.4,0.21,116.3631,0.9,1.8,3,96,2
Ce,1.12,103.4,3,58,534.4,0.21,116.3631,0.9,1.8,0.3,276,2
Ce,1.12,103.4,3,58,534.4,0.46,151.3906,0.9,1.8,0.3,254,2
Ce,1.12,103.4,3,58,534.4,0.46,151.3906,0.9,1.8,0.6,264,2
Ce,1.12,103.4,3,58,534.4,0.46,151.3906,0.9,1.8,0.9,268,2
Ce,1.12,103.4,3,58,534.4,0.46,151.3906,0.9,1.8,1.5,224,2
Ce,1.12,103.4,3,58,534.4,0.46,151.3906,0.9,1.8,3,146,2
Ce,1.12,103.4,3,58,534.4,0.46,151.3906,0.9,1.8,0.3,364,2
Ce,1.12,103.4,3,58,534.4,0.73,189.2203,0.9,1.8,0.3,224,2
Ce,1.12,103.4,3,58,534.4,0.73,189.2203,0.9,1.8,0.6,230,2
Ce,1.12,103.4,3,58,534.4,0.73,189.2203,0.9,1.8,0.9,228,2
Ce,1.12,103.4,3,58,534.4,0.73,189.2203,0.9,1.8,1.5,205,2
Ce,1.12,103.4,3,58,534.4,0.73,189.2203,0.9,1.8,3,134,2
Ce,1.12,103.4,3,58,534.4,0.73,189.2203,0.9,1.8,0.3,294,2
Cr,1.66,63,3,24,652.9,0.00039,86.9602761,1,1.8,0.1,229,3
Cr,1.66,63,3,24,652.9,0.00039,86.9602761,1,1.8,0.2,173,3
Cr,1.66,63,3,24,652.9,0.00039,86.9602761,1,1.8,0.4,138,3
Cr,1.66,63,3,24,652.9,0.00039,86.9602761,1,1.8,0.6,113,3
Cr,1.66,63,3,24,652.9,0.00039,86.9602761,1,1.8,0.8,98,3
Cr,1.66,63,3,24,652.9,0.00039,86.9602761,1,1.8,1,79,3
Cr,1.66,63,3,24,652.9,0.00039,86.9602761,1,1.8,2,67,3
Cr,1.66,63,3,24,652.9,0.00039,86.9602761,1,1.8,0.1,227,3
Cr,1.66,63,3,24,652.9,0.000199,86.95034601,1,1.8,0.1,202,3
Cr,1.66,63,3,24,652.9,0.00039,86.9602761,1,1.8,0.1,210,3
Cr,1.66,63,3,24,652.9,0.0005566,86.96893763,1,1.8,0.1,226,3
Al,1.61,51,3,13,577.5,0.1,89.638,0.8,1.8,0.1,330,4
Al,1.61,51,3,13,577.5,0.1,89.638,0.8,1.8,0.2,312,4
Al,1.61,51,3,13,577.5,0.1,89.638,0.8,1.8,0.3,275,4
Al,1.61,51,3,13,577.5,0.1,89.638,0.8,1.8,0.5,241,4
Al,1.61,51,3,13,577.5,0.1,89.638,0.8,1.8,0.8,229,4
Al,1.61,51,3,13,577.5,0.1,89.638,0.8,1.8,1,195,4
Al,1.61,51,3,13,577.5,0.1,89.638,0.8,1.8,5,154,4
Al,1.61,51,3,13,577.5,0.1,89.638,0.8,1.8,8,133,4
Al,1.61,51,3,13,577.5,0.1,89.638,0.8,1.8,0.2,300,4
Al,1.61,51,3,13,577.5,0.05,88.289,0.8,1.8,0.1,296,4
Al,1.61,51,3,13,577.5,0.05,88.289,0.8,1.8,0.2,260,4
Al,1.61,51,3,13,577.5,0.05,88.289,0.8,1.8,0.3,217,4
Al,1.61,51,3,13,577.5,0.05,88.289,0.8,1.8,0.5,195,4
Al,1.61,51,3,13,577.5,0.05,88.289,0.8,1.8,0.8,180,4
Al,1.61,51,3,13,577.5,0.05,88.289,0.8,1.8,1,161,4
Al,1.61,51,3,13,577.5,0.05,88.289,0.8,1.8,5,130,4
Al,1.61,51,3,13,577.5,0.05,88.289,0.8,1.8,8,108,4
Al,1.61,51,3,13,577.5,0.05,88.289,0.8,1.8,0.2,244,4
Al,1.61,51,3,13,577.5,0.3,95.034,0.8,1.8,0.1,269,4
Al,1.61,51,3,13,577.5,0.3,95.034,0.8,1.8,0.2,247,4
Al,1.61,51,3,13,577.5,0.3,95.034,0.8,1.8,0.3,204,4
Al,1.61,51,3,13,577.5,0.3,95.034,0.8,1.8,0.5,180,4
Al,1.61,51,3,13,577.5,0.3,95.034,0.8,1.8,0.8,170,4
Al,1.61,51,3,13,577.5,0.3,95.034,0.8,1.8,1,147,4
Al,1.61,51,3,13,577.5,0.3,95.034,0.8,1.8,5,117,4
Al,1.61,51,3,13,577.5,0.3,95.034,0.8,1.8,8,95,4
Al,1.61,51,3,13,577.5,0.3,95.034,0.8,1.8,0.2,227,4
V,1.63,74,3,23,650.9,0.096,91.83024,0.1,1.65,0.8,430,5
V,1.63,74,3,23,650.9,0.096,91.83024,0.1,1.65,1,373,5
V,1.63,74,3,23,650.9,0.096,91.83024,0.1,1.65,2,321,5
Ti,1.54,68,4,22,658.8,0.121,92.73106,0.1,1.65,0.5,428,5
Ti,1.54,68,4,22,658.8,0.121,92.73106,0.1,1.65,0.8,375,5
Ti,1.54,68,4,22,658.8,0.121,92.73106,0.1,1.65,1,315,5
Ti,1.54,68,4,22,658.8,0.121,92.73106,0.1,1.65,2,248,5
Ti,1.54,68,4,22,658.8,0.121,92.73106,0.1,1.65,0.05,442,5
Zn,1.65,74,2,30,906.4,0.131,95.50478,0.1,1.65,0.05,422,5
Zn,1.65,74,2,30,906.4,0.131,95.50478,0.1,1.65,0.1,406,5
Zn,1.65,74,2,30,906.4,0.131,95.50478,0.1,1.65,0.2,317,5
Zn,1.65,74,2,30,906.4,0.131,95.50478,0.1,1.65,0.5,250,5
Zn,1.65,74,2,30,906.4,0.131,95.50478,0.1,1.65,0.8,173,5
Zn,1.65,74,2,30,906.4,0.131,95.50478,0.1,1.65,1,124,5
Zn,1.65,74,2,30,906.4,0.131,95.50478,0.1,1.65,2,88,5
Zn,1.65,74,2,30,906.4,0.131,95.50478,0.1,1.65,0.05,282,5
Ca,1,99,2,20,589.8,0.1,90.947,0.4,1.9,0.5,229,6
Ca,1,99,2,20,589.8,0.1,90.947,0.4,1.9,1,182,6
Ca,1,99,2,20,589.8,0.1,90.947,0.4,1.9,1.5,129,6
Ca,1,99,2,20,589.8,0.1,90.947,0.4,1.9,2,99,6
Ca,1,99,2,20,589.8,0.1,90.947,0.4,1.9,3,83,6
Ca,1,99,2,20,589.8,0.1,90.947,0.4,1.9,4,65,6
Se,2.55,191,2,34,941,0.009,87.65064,0.8,1.8,0.1,343,7
Se,2.55,191,2,34,941,0.009,87.65064,0.8,1.8,0.2,328,7
Se,2.55,191,2,34,941,0.009,87.65064,0.8,1.8,0.5,291,7
Se,2.55,191,2,34,941,0.009,87.65064,0.8,1.8,1,243,7
Se,2.55,191,2,34,941,0.009,87.65064,0.8,1.8,2,151,7
Se,2.55,191,2,34,941,0.009,87.65064,0.8,1.8,3,79,7
Se,2.55,191,2,34,941,0.009,87.65064,0.8,1.8,5,64,7
Se,2.55,191,2,34,941,0.0151,88.1323,0.8,1.8,0.1,353,7
Se,2.55,191,2,34,941,0.0151,88.1323,0.8,1.8,0.2,350,7
Se,2.55,191,2,34,941,0.0151,88.1323,0.8,1.8,0.5,321,7
Se,2.55,191,2,34,941,0.0151,88.1323,0.8,1.8,1,265,7
Se,2.55,191,2,34,941,0.0151,88.1323,0.8,1.8,2,211,7
Se,2.55,191,2,34,941,0.0151,88.1323,0.8,1.8,3,114,7
Se,2.55,191,2,34,941,0.0151,88.1323,0.8,1.8,5,85,7
Cu,1.9,96,1,29,745.5,0.09,92.6586,0.8,1.8,0.1,190,8
Cu,1.9,96,1,29,745.5,0.09,92.6586,0.8,1.8,0.3,237,8
Cu,1.9,96,1,29,745.5,0.09,92.6586,0.8,1.8,0.5,199,8
Cu,1.9,96,1,29,745.5,0.09,92.6586,0.8,1.8,1,169,8
Cu,1.9,96,1,29,745.5,0.09,92.6586,0.8,1.8,2,131,8
Cu,1.9,96,1,29,745.5,0.09,92.6586,0.8,1.8,0.5,204,8
Cu,1.9,96,1,29,745.5,0.09,92.6586,0.8,1.8,0.1,277,8
Na,0.93,97,1,11,495.8,0.0054,87.064092,0.8,1.9,2,169,9
Na,0.93,97,1,11,495.8,0.0054,87.064092,0.8,1.9,4,131,9
Na,0.93,97,1,11,495.8,0.0054,87.064092,0.8,1.9,6,116,9
Na,0.93,97,1,11,495.8,0.0054,87.064092,0.8,1.9,8,105,9
Na,0.93,97,1,11,495.8,0.0054,87.064092,0.8,1.9,10,96,9
Na,0.93,97,1,11,495.8,0.0054,87.064092,0.8,1.9,2,139,9
N,0.93,15,5,7,1402.3,0.0169,87.1766,1,1.85,0.1,265,10
N,0.93,15,5,7,1402.3,0.0169,87.1766,1,1.85,0.2,201,10
N,0.93,15,5,7,1402.3,0.0169,87.1766,1,1.85,0.4,139,10
N,0.93,15,5,7,1402.3,0.0169,87.1766,1,1.85,0.6,90,10
N,0.93,15,5,7,1402.3,0.0169,87.1766,1,1.85,1,52,10
Mo,2.16,70,4,42,684.3,0.01424,88.306328,0.8,1.8,0.1,180,11
Mo,2.16,70,4,42,684.3,0.01424,88.306328,0.8,1.8,0.2,139,11
Mo,2.16,70,4,42,684.3,0.01424,88.306328,0.8,1.8,0.3,119,11
Mo,2.16,70,4,42,684.3,0.01424,88.306328,0.8,1.8,0.5,98,11
Mo,2.16,70,4,42,684.3,0.01424,88.306328,0.8,1.8,0.8,87,11
Mo,2.16,70,4,42,684.3,0.01424,88.306328,0.8,1.8,1,76,11
Mo,2.16,70,4,42,684.3,0.01424,88.306328,0.8,1.8,2,62,11
Mo,2.16,70,4,42,684.3,0.01424,88.306328,0.8,1.8,3,53,11
Mo,2.16,70,4,42,684.3,0.01424,88.306328,0.8,1.8,0.1,152,11
Fe,1.83,64,3,26,762.5,0.083,91.57472,0.8,1.8,0.2,248,12
Fe,1.83,64,3,26,762.5,0.083,91.57472,0.8,1.8,0.4,221,12
Fe,1.83,64,3,26,762.5,0.083,91.57472,0.8,1.8,0.6,209,12
Fe,1.83,64,3,26,762.5,0.083,91.57472,0.8,1.8,0.8,200,12
Fe,1.83,64,3,26,762.5,0.083,91.57472,0.8,1.8,1,192,12
Fe,1.83,64,3,26,762.5,0.083,91.57472,0.8,1.8,2,167,12
Fe,1.83,64,3,26,762.5,0.083,91.57472,0.8,1.8,4,142,12
Fe,1.83,64,3,26,762.5,0.083,91.57472,0.8,1.8,2,159,12
Fe,1.83,64,3,26,762.5,0.083,91.57472,0.8,1.8,1,182,12
Fe,1.83,64,3,26,762.5,0.083,91.57472,0.8,1.8,0.8,199,12
Fe,1.83,64,3,26,762.5,0.083,91.57472,0.8,1.8,0.6,211,12
Fe,1.83,64,3,26,762.5,0.083,91.57472,0.8,1.8,0.4,231,12
Fe,1.83,64,3,26,762.5,0.083,91.57472,0.8,1.8,0.2,295,12
Co,1.88,72,2,27,760.4,0.072,91.18296,0.8,1.8,0.2,287,12
Co,1.88,72,2,27,760.4,0.072,91.18296,0.8,1.8,0.4,250,12
Co,1.88,72,2,27,760.4,0.072,91.18296,0.8,1.8,0.6,229,12
Co,1.88,72,2,27,760.4,0.072,91.18296,0.8,1.8,0.8,218,12
Co,1.88,72,2,27,760.4,0.072,91.18296,0.8,1.8,1,212,12
Co,1.88,72,2,27,760.4,0.072,91.18296,0.8,1.8,2,187,12
Co,1.88,72,2,27,760.4,0.072,91.18296,0.8,1.8,4,156,12
Co,1.88,72,2,27,760.4,0.072,91.18296,0.8,1.8,2,185,12
Co,1.88,72,2,27,760.4,0.072,91.18296,0.8,1.8,1,212,12
Co,1.88,72,2,27,760.4,0.072,91.18296,0.8,1.8,0.8,218,12
Co,1.88,72,2,27,760.4,0.072,91.18296,0.8,1.8,0.6,235,12
Co,1.88,72,2,27,760.4,0.072,91.18296,0.8,1.8,0.4,260,12
Co,1.88,72,2,27,760.4,0.072,91.18296,0.8,1.8,0.2,307,12
Mo,2.16,70,4,42,684.3,0.032278,90.0370741,0.5,1.85,0.1,198,13
Mo,2.16,70,4,42,684.3,0.032278,90.0370741,0.5,1.85,0.2,217,13
Mo,2.16,70,4,42,684.3,0.032278,90.0370741,0.5,1.85,0.3,220,13
Mo,2.16,70,4,42,684.3,0.032278,90.0370741,0.5,1.85,0.5,212,13
Mo,2.16,70,4,42,684.3,0.032278,90.0370741,0.5,1.85,0.8,181,13
Mo,2.16,70,4,42,684.3,0.032278,90.0370741,0.5,1.85,1,162,13
Mo,2.16,70,4,42,684.3,0.032278,90.0370741,0.5,1.85,2,118,13
Mo,2.16,70,4,42,684.3,0.032278,90.0370741,0.5,1.85,5,85,13
Mo,2.16,70,4,42,684.3,0.032278,90.0370741,0.5,1.85,0.1,232,13
Fe,1.83,64,3,26,762.5,0.0039,87.157776,0.9,1.8,0.1,365,14
Fe,1.83,64,3,26,762.5,0.0039,87.157776,0.9,1.8,0.5,353,14
Fe,1.83,64,3,26,762.5,0.0039,87.157776,0.9,1.8,1,294,14
Fe,1.83,64,3,26,762.5,0.0039,87.157776,0.9,1.8,2,187,14
Fe,1.83,64,3,26,762.5,0.0039,87.157776,0.9,1.8,3,100,14
Fe,1.83,64,3,26,762.5,0.0039,87.157776,0.9,1.8,2,184,14
Fe,1.83,64,3,26,762.5,0.0039,87.157776,0.9,1.8,1,280,14
Fe,1.83,64,3,26,762.5,0.0039,87.157776,0.9,1.8,0.5,341,14
Fe,1.83,64,3,26,762.5,0.0039,87.157776,0.9,1.8,0.1,386,14
K,0.82,133,1,19,418.8,0.42,103.3578,1,1.85,0.1,271,15
K,0.82,133,1,19,418.8,0.42,103.3578,1,1.85,0.3,275,15
K,0.82,133,1,19,418.8,0.42,103.3578,1,1.85,0.5,262,15
K,0.82,133,1,19,418.8,0.42,103.3578,1,1.85,1,221,15
K,0.82,133,1,19,418.8,0.42,103.3578,1,1.85,2,128,15
K,0.82,133,1,19,418.8,0.42,103.3578,1,1.85,3,90,15
K,0.82,133,1,19,418.8,0.42,103.3578,1,1.85,0.3,283,15
Na,0.93,97,1,11,495.8,0.43,96.8214,1,1.85,0.1,261,15
Na,0.93,97,1,11,495.8,0.43,96.8214,1,1.85,0.3,267,15
Na,0.93,97,1,11,495.8,0.43,96.8214,1,1.85,0.5,248,15
Na,0.93,97,1,11,495.8,0.43,96.8214,1,1.85,1,176,15
Na,0.93,97,1,11,495.8,0.43,96.8214,1,1.85,2,101,15
Na,0.93,97,1,11,495.8,0.43,96.8214,1,1.85,3,70,15
Na,0.93,97,1,11,495.8,0.43,96.8214,1,1.85,0.3,257,15
Li,0.98,68,1,3,520.2,0.52,90.5488,1,1.85,0.1,248,15
Li,0.98,68,1,3,520.2,0.52,90.5488,1,1.85,0.3,237,15
Li,0.98,68,1,3,520.2,0.52,90.5488,1,1.85,0.5,204,15
Li,0.98,68,1,3,520.2,0.52,90.5488,1,1.85,1,136,15
Li,0.98,68,1,3,520.2,0.52,90.5488,1,1.85,2,80,15
Li,0.98,68,1,3,520.2,0.52,90.5488,1,1.85,3,57,15
Li,0.98,68,1,3,520.2,0.52,90.5488,1,1.85,0.3,228,15
Ag,1.93,126,1,47,731,0.05,92.333,0.8,1.8,0.05,242,16
Ag,1.93,126,1,47,731,0.05,92.333,1,1.8,0.1,303,16
Ag,1.93,126,1,47,731,0.05,92.333,1,1.8,0.2,279,16
Ag,1.93,126,1,47,731,0.05,92.333,1,1.8,0.5,237,16
Ag,1.93,126,1,47,731,0.05,92.333,1,1.8,1,203,16
Ag,1.93,126,1,47,731,0.05,92.333,1,1.8,1.5,169,16
Ag,1.93,126,1,47,731,0.05,92.333,1,1.8,2,140,16
Ag,1.93,126,1,47,731,0.05,92.333,1,1.8,0.2,282,16
Bi,2.02,74,5,83,703,0.03,93.2094,0.8,1.8,0.1,256,17
Bi,2.02,74,5,83,703,0.03,93.2094,0.8,1.8,0.2,307,17
Bi,2.02,74,5,83,703,0.03,93.2094,0.8,1.8,0.4,248,17
Bi,2.02,74,5,83,703,0.03,93.2094,0.8,1.8,0.6,220,17
Bi,2.02,74,5,83,703,0.03,93.2094,0.8,1.8,0.8,198,17
Bi,2.02,74,5,83,703,0.03,93.2094,0.8,1.8,1,175,17
Bi,2.02,74,5,83,703,0.03,93.2094,0.8,1.8,1.5,136,17
Bi,2.02,74,5,83,703,0.03,93.2094,0.8,1.8,2,105,17
Bi,2.02,74,5,83,703,0.03,93.2094,0.8,1.8,3,73,17
Bi,2.02,74,5,83,703,0.06,99.4788,0.8,1.8,0.1,249,17
Bi,2.02,74,5,83,703,0.06,99.4788,0.8,1.8,0.2,327,17
Bi,2.02,74,5,83,703,0.06,99.4788,0.8,1.8,0.4,285,17
Bi,2.02,74,5,83,703,0.06,99.4788,0.8,1.8,0.6,249,17
Bi,2.02,74,5,83,703,0.06,99.4788,0.8,1.8,0.8,215,17
Bi,2.02,74,5,83,703,0.06,99.4788,0.8,1.8,1,196,17
Bi,2.02,74,5,83,703,0.06,99.4788,0.8,1.8,1.5,161,17
Bi,2.02,74,5,83,703,0.06,99.4788,0.8,1.8,2,131,17
Bi,2.02,74,5,83,703,0.06,99.4788,0.8,1.8,3,100,17
Bi,2.02,74,5,83,703,0.09,105.7482,0.8,1.8,0.1,268,17
Bi,2.02,74,5,83,703,0.09,105.7482,0.8,1.8,0.2,291,17
Bi,2.02,74,5,83,703,0.09,105.7482,0.8,1.8,0.4,236,17
Bi,2.02,74,5,83,703,0.09,105.7482,0.8,1.8,0.6,203,17
Bi,2.02,74,5,83,703,0.09,105.7482,0.8,1.8,0.8,179,17
Bi,2.02,74,5,83,703,0.09,105.7482,0.8,1.8,1,161,17
Bi,2.02,74,5,83,703,0.09,105.7482,0.8,1.8,1.5,120,17
Bi,2.02,74,5,83,703,0.09,105.7482,0.8,1.8,2,94,17
Bi,2.02,74,5,83,703,0.09,105.7482,0.8,1.8,3,64,17
Bi,2.02,74,5,83,703,0.12,112.0176,0.8,1.8,0.1,239,17
Bi,2.02,74,5,83,703,0.12,112.0176,0.8,1.8,0.2,274,17
Bi,2.02,74,5,83,703,0.12,112.0176,0.8,1.8,0.4,228,17
Bi,2.02,74,5,83,703,0.12,112.0176,0.8,1.8,0.6,193,17
Bi,2.02,74,5,83,703,0.12,112.0176,0.8,1.8,0.8,170,17
Bi,2.02,74,5,83,703,0.12,112.0176,0.8,1.8,1,153,17
Bi,2.02,74,5,83,703,0.12,112.0176,0.8,1.8,1.5,117,17
Bi,2.02,74,5,83,703,0.12,112.0176,0.8,1.8,2,92,17
Bi,2.02,74,5,83,703,0.12,112.0176,0.8,1.8,3,62,17
Li,0.98,68,1,3,520.2,0.026,87.12044,0.8,1.8,0.1,156,18
Li,0.98,68,1,3,520.2,0.026,87.12044,0.8,1.8,0.2,137,18
Li,0.98,68,1,3,520.2,0.026,87.12044,0.8,1.8,0.5,81,18
Li,0.98,68,1,3,520.2,0.026,87.12044,0.8,1.8,0.1,188,18
Cu,1.9,96,1,29,745.5,0.06,90.7524,0.8,1.9,0.1,395,19
Cu,1.9,96,1,29,745.5,0.06,90.7524,0.8,1.9,0.2,344,19
Cu,1.9,96,1,29,745.5,0.06,90.7524,0.8,1.9,0.4,306,19
Cu,1.9,96,1,29,745.5,0.06,90.7524,0.8,1.9,0.8,237,19
Cu,1.9,96,1,29,745.5,0.06,90.7524,0.8,1.9,1.2,168,19
Cu,1.9,96,1,29,745.5,0.06,90.7524,0.8,1.9,2,123,19
Cu,1.9,96,1,29,745.5,0.06,90.7524,0.8,1.9,0.1,348,19
Bi,2.02,74,5,83,703,0.09,105.7482,0.8,1.9,0.1,215,19
Bi,2.02,74,5,83,703,0.09,105.7482,0.8,1.9,0.2,228,19
Bi,2.02,74,5,83,703,0.09,105.7482,0.8,1.9,0.4,190,19
Bi,2.02,74,5,83,703,0.09,105.7482,0.8,1.9,0.8,81,19
Bi,2.02,74,5,83,703,0.09,105.7482,0.8,1.9,0.1,272,19
K,0.82,133,1,19,418.8,0.29,98.2761,0.95,1.85,0.2,285,20
K,0.82,133,1,19,418.8,0.29,98.2761,0.95,1.85,0.5,252,20
K,0.82,133,1,19,418.8,0.29,98.2761,0.95,1.85,1,214,20
K,0.82,133,1,19,418.8,0.29,98.2761,0.95,1.85,1.5,190,20
K,0.82,133,1,19,418.8,0.29,98.2761,0.95,1.85,2,155,20
K,0.82,133,1,19,418.8,0.29,98.2761,0.95,1.85,3,133,20
K,0.82,133,1,19,418.8,0.29,98.2761,0.95,1.85,2,157,20
K,0.82,133,1,19,418.8,0.29,98.2761,0.95,1.85,1.5,180,20
K,0.82,133,1,19,418.8,0.29,98.2761,0.95,1.85,1,211,20
K,0.82,133,1,19,418.8,0.29,98.2761,0.95,1.85,0.5,248,20
K,0.82,133,1,19,418.8,0.29,98.2761,0.95,1.85,0.2,283,20
Cu,1.9,96,1,29,745.5,0.131,95.26374,0.8,1.9,0.2,447,21
Cu,1.9,96,1,29,745.5,0.131,95.26374,0.8,1.9,0.5,434,21
Cu,1.9,96,1,29,745.5,0.131,95.26374,0.8,1.9,1,414,21
Cu,1.9,96,1,29,745.5,0.131,95.26374,0.8,1.9,2,379,21
Cu,1.9,96,1,29,745.5,0.131,95.26374,0.8,1.9,3,357,21
Cu,1.9,96,1,29,745.5,0.131,95.26374,0.8,1.9,4,328,21
Cu,1.9,96,1,29,745.5,0.131,95.26374,0.8,1.9,5,291,21
Sn,1.96,71,4,50,708.6,0.08438,96.9567498,0.8,1.8,0.1,203,22
Sn,1.96,71,4,50,708.6,0.08438,96.9567498,0.8,1.8,0.5,128,22
Sn,1.96,71,4,50,708.6,0.08438,96.9567498,0.8,1.8,1,85,22
Sn,1.96,71,4,50,708.6,0.08438,96.9567498,0.8,1.8,2,59,22
Sn,1.96,71,4,50,708.6,0.08438,96.9567498,0.8,1.8,0.1,128,22
Ag,1.93,126,1,47,731,0.06,93.4116,0.8,1.8,1,132,23
Ag,1.93,126,1,47,731,0.06,93.4116,0.8,1.8,1.5,115,23
Ag,1.93,126,1,47,731,0.06,93.4116,0.8,1.8,2,95,23
Ag,1.93,126,1,47,731,0.06,93.4116,0.8,1.8,2.5,83,23
Ag,1.93,126,1,47,731,0.06,93.4116,0.8,1.8,3,78,23
Ag,1.93,126,1,47,731,0.06,93.4116,0.8,1.8,3.5,70,23
Ag,1.93,126,1,47,731,0.06,93.4116,0.8,1.8,1,153,23
Mo,2.16,70,4,42,684.3,0.03,89.8185,0.8,1.85,0.1,347,24
Mo,2.16,70,4,42,684.3,0.03,89.8185,0.8,1.85,0.2,414,24
Mo,2.16,70,4,42,684.3,0.03,89.8185,0.8,1.85,0.5,294,24
Mo,2.16,70,4,42,684.3,0.03,89.8185,0.8,1.85,1,182,24
Mo,2.16,70,4,42,684.3,0.03,89.8185,0.8,1.85,0.2,300,24
Cu,1.9,96,1,29,745.5,0.056,90.49824,0.8,1.8,0.1,355,25
Cu,1.9,96,1,29,745.5,0.056,90.49824,0.8,1.8,0.2,316,25
Cu,1.9,96,1,29,745.5,0.056,90.49824,0.8,1.8,0.4,282,25
Cu,1.9,96,1,29,745.5,0.056,90.49824,0.8,1.8,0.6,247,25
Cu,1.9,96,1,29,745.5,0.056,90.49824,0.8,1.8,0.8,226,25
Cu,1.9,96,1,29,745.5,0.056,90.49824,0.8,1.8,1,199,25
Cu,1.9,96,1,29,745.5,0.056,90.49824,0.8,1.8,2,165,25
Cu,1.9,96,1,29,745.5,0.056,90.49824,0.8,1.8,3,103,25
Cu,1.9,96,1,29,745.5,0.056,90.49824,0.8,1.8,0.1,292,25
Bi,2.02,74,5,83,703,0.089,105.53922,0.8,1.8,0.1,212,25
Bi,2.02,74,5,83,703,0.089,105.53922,0.8,1.8,0.2,200,25
Bi,2.02,74,5,83,703,0.089,105.53922,0.8,1.8,0.4,188,25
Bi,2.02,74,5,83,703,0.089,105.53922,0.8,1.8,0.6,171,25
Bi,2.02,74,5,83,703,0.089,105.53922,0.8,1.8,0.8,161,25
Bi,2.02,74,5,83,703,0.089,105.53922,0.8,1.8,1,148,25
Bi,2.02,74,5,83,703,0.089,105.53922,0.8,1.8,2,118,25
Bi,2.02,74,5,83,703,0.089,105.53922,0.8,1.8,3,91,25
Bi,2.02,74,5,83,703,0.089,105.53922,0.8,1.8,0.1,196,25
La,1.1,101.6,3,57,538.1,0.0176,89.38464,0.8,1.9,0.1,232,26
La,1.1,101.6,3,57,538.1,0.0176,89.38464,0.8,1.9,0.2,198,26
La,1.1,101.6,3,57,538.1,0.0176,89.38464,0.8,1.9,0.4,166,26
La,1.1,101.6,3,57,538.1,0.0176,89.38464,0.8,1.9,0.8,115,26
La,1.1,101.6,3,57,538.1,0.0176,89.38464,0.8,1.9,1.2,82,26
La,1.1,101.6,3,57,538.1,0.0176,89.38464,0.8,1.9,1.6,76,26
La,1.1,101.6,3,57,538.1,0.0516,94.10724,0.8,1.9,0.1,278,26
La,1.1,101.6,3,57,538.1,0.0516,94.10724,0.8,1.9,0.2,226,26
La,1.1,101.6,3,57,538.1,0.0516,94.10724,0.8,1.9,0.4,198,26
La,1.1,101.6,3,57,538.1,0.0516,94.10724,0.8,1.9,0.8,169,26
La,1.1,101.6,3,57,538.1,0.0516,94.10724,0.8,1.9,1.2,141,26
La,1.1,101.6,3,57,538.1,0.0516,94.10724,0.8,1.9,1.6,119,26
La,1.1,101.6,3,57,538.1,0.0566,94.80174,0.8,1.9,0.1,257,26
La,1.1,101.6,3,57,538.1,0.0566,94.80174,0.8,1.9,0.2,220,26
La,1.1,101.6,3,57,538.1,0.0566,94.80174,0.8,1.9,0.4,179,26
La,1.1,101.6,3,57,538.1,0.0566,94.80174,0.8,1.9,0.8,132,26
La,1.1,101.6,3,57,538.1,0.0566,94.80174,0.8,1.9,1.2,103,26
La,1.1,101.6,3,57,538.1,0.0566,94.80174,0.8,1.9,1.6,91,26
Na,0.93,97,1,11,495.8,0.22,91.9956,0.95,1.85,0.38,275,27
Na,0.93,97,1,11,495.8,0.22,91.9956,0.95,1.85,0.76,232,27
Na,0.93,97,1,11,495.8,0.22,91.9956,0.95,1.85,1.52,187,27
Na,0.93,97,1,11,495.8,0.22,91.9956,0.95,1.85,2.28,161,27
Na,0.93,97,1,11,495.8,0.22,91.9956,0.95,1.85,3.04,145,27
Na,0.93,97,1,11,495.8,0.22,91.9956,0.95,1.85,3.8,134,27
Na,0.93,97,1,11,495.8,0.22,91.9956,0.95,1.85,4.56,125,27
Na,0.93,97,1,11,495.8,0.22,91.9956,0.95,1.85,6.08,111,27
Na,0.93,97,1,11,495.8,0.22,91.9956,0.95,1.85,7.6,103,27
Na,0.93,97,1,11,495.8,0.22,91.9956,0.95,1.85,0.1,297,27
Na,0.93,97,1,11,495.8,0.22,91.9956,0.95,1.85,0.38,271,27
Na,0.93,97,1,11,495.8,0.22,91.9956,0.95,1.85,0.76,231,27
Na,0.93,97,1,11,495.8,0.22,91.9956,0.95,1.85,1.52,190,27
Na,0.93,97,1,11,495.8,0.22,91.9956,0.95,1.85,2.28,162,27
Na,0.93,97,1,11,495.8,0.22,91.9956,0.95,1.85,3.8,136,27
Na,0.93,97,1,11,495.8,0.22,91.9956,0.95,1.85,7.6,105,27
Na,0.93,97,1,11,495.8,0.275,93.2595,0.8,1.9,0.2,296,28
Na,0.93,97,1,11,495.8,0.275,93.2595,0.8,1.9,0.3,334,28
Na,0.93,97,1,11,495.8,0.275,93.2595,0.8,1.9,0.4,290,28
Na,0.93,97,1,11,495.8,0.275,93.2595,0.8,1.9,0.5,277,28
Na,0.93,97,1,11,495.8,0.275,93.2595,0.8,1.9,0.6,221,28
Na,0.93,97,1,11,495.8,0.275,93.2595,0.8,1.9,0.8,145,28
Na,0.93,97,1,11,495.8,0.275,93.2595,0.8,1.9,1,107,28
Na,0.93,97,1,11,495.8,0.275,93.2595,0.8,1.9,1.2,88,28
Na,0.93,97,1,11,495.8,0.275,93.2595,0.8,1.9,1.5,75,28
Na,0.93,97,1,11,495.8,0.275,93.2595,0.8,1.9,0.2,347,28
K,0.82,133,1,19,418.8,0.28,97.8852,0.8,1.9,0.1,240,29
K,0.82,133,1,19,418.8,0.28,97.8852,0.8,1.9,0.2,222,29
K,0.82,133,1,19,418.8,0.28,97.8852,0.8,1.9,0.5,173,29
K,0.82,133,1,19,418.8,0.28,97.8852,0.8,1.9,1,132,29
K,0.82,133,1,19,418.8,0.28,97.8852,0.8,1.9,2,104,29
K,0.82,133,1,19,418.8,0.28,97.8852,0.8,1.9,5,77,29
K,0.82,133,1,19,418.8,0.28,97.8852,0.8,1.9,1,129,29
K,0.82,133,1,19,418.8,0.28,97.8852,0.8,1.9,0.5,171,29
K,0.82,133,1,19,418.8,0.28,97.8852,0.8,1.9,0.2,219,29
K,0.82,133,1,19,418.8,0.28,97.8852,0.8,1.9,0.1,239,29
K,0.82,133,1,19,418.8,0.21,95.1489,0.8,1.9,0.1,218,29
K,0.82,133,1,19,418.8,0.21,95.1489,0.8,1.9,0.2,207,29
K,0.82,133,1,19,418.8,0.21,95.1489,0.8,1.9,0.5,181,29
K,0.82,133,1,19,418.8,0.21,95.1489,0.8,1.9,1,140,29
K,0.82,133,1,19,418.8,0.21,95.1489,0.8,1.9,2,107,29
K,0.82,133,1,19,418.8,0.21,95.1489,0.8,1.9,5,78,29
K,0.82,133,1,19,418.8,0.21,95.1489,0.8,1.9,2,108,29
K,0.82,133,1,19,418.8,0.21,95.1489,0.8,1.9,1,141,29
K,0.82,133,1,19,418.8,0.21,95.1489,0.8,1.9,0.5,183,29
K,0.82,133,1,19,418.8,0.21,95.1489,0.8,1.9,0.2,229,29
K,0.82,133,1,19,418.8,0.21,95.1489,0.8,1.9,0.1,252,29
Na,0.93,97,1,11,495.8,0.17,90.8466,0.9,1.8,1,271,30
Na,0.93,97,1,11,495.8,0.17,90.8466,0.9,1.8,2,226,30
Na,0.93,97,1,11,495.8,0.17,90.8466,0.9,1.8,3,194,30
Na,0.93,97,1,11,495.8,0.17,90.8466,0.9,1.8,4,169,30
Na,0.93,97,1,11,495.8,0.17,90.8466,0.9,1.8,5,147,30
Na,0.93,97,1,11,495.8,0.17,90.8466,0.9,1.8,6,238,30
Na,0.93,97,1,11,495.8,0.17,90.8466,0.9,1.8,1,257,30
V,1.63,74,3,23,650.9,0.05,89.487,1,1.8,0.066,245,31
V,1.63,74,3,23,650.9,0.05,89.487,1,1.8,0.133,189,31
V,1.63,74,3,23,650.9,0.05,89.487,1,1.8,0.266,140,31
V,1.63,74,3,23,650.9,0.05,89.487,1,1.8,0.532,94,31
V,1.63,74,3,23,650.9,0.05,89.487,1,1.8,1.064,64,31
V,1.63,74,3,23,650.9,0.05,89.487,1,1.8,0.066,189,31
K,0.82,133,1,19,418.8,0.122,91.70898,0.8,1.85,0.1,224,32
K,0.82,133,1,19,418.8,0.122,91.70898,0.8,1.85,0.2,206,32
K,0.82,133,1,19,418.8,0.122,91.70898,0.8,1.85,0.5,147,32
K,0.82,133,1,19,418.8,0.122,91.70898,0.8,1.85,1,112,32
K,0.82,133,1,19,418.8,0.122,91.70898,0.8,1.85,2,93,32
K,0.82,133,1,19,418.8,0.122,91.70898,0.8,1.85,0.5,141,32
K,0.82,133,1,19,418.8,0.122,91.70898,0.8,1.85,0.2,203,32
K,0.82,133,1,19,418.8,0.122,91.70898,0.8,1.85,0.1,234,32
K,0.82,133,1,19,418.8,0.37,101.4033,0.8,1.8,0.1,293,33
K,0.82,133,1,19,418.8,0.37,101.4033,0.8,1.8,0.2,264,33
K,0.82,133,1,19,418.8,0.37,101.4033,0.8,1.8,0.5,232,33
K,0.82,133,1,19,418.8,0.37,101.4033,0.8,1.8,1,197,33
K,0.82,133,1,19,418.8,0.37,101.4033,0.8,1.8,2,160,33
K,0.82,133,1,19,418.8,0.37,101.4033,0.8,1.8,5,109,33
K,0.82,133,1,19,418.8,0.37,101.4033,0.8,1.8,1,320,33
Mg,1.31,66,2,12,737.7,0.03,87.669,1,1.8,0.3,388,34
Mg,1.31,66,2,12,737.7,0.03,87.669,1,1.8,0.6,371,34
Mg,1.31,66,2,12,737.7,0.03,87.669,1,1.8,1.5,299,34
Mg,1.31,66,2,12,737.7,0.03,87.669,1,1.8,2.4,242,34
Mg,1.31,66,2,12,737.7,0.03,87.669,1,1.8,3,221,34
Mg,1.31,66,2,12,737.7,0.03,87.669,1,1.8,6,174,34
Mg,1.31,66,2,12,737.7,0.03,87.669,1,1.8,0.6,378,34
Co,1.88,72,2,27,760.4,0.1515,95.867895,0.8,1.8,0.1,294,35
Co,1.88,72,2,27,760.4,0.1515,95.867895,0.8,1.8,0.2,358,35
Co,1.88,72,2,27,760.4,0.1515,95.867895,0.8,1.8,0.5,332,35
Co,1.88,72,2,27,760.4,0.1515,95.867895,0.8,1.8,1,296,35
Co,1.88,72,2,27,760.4,0.1515,95.867895,0.8,1.8,2,240,35
Co,1.88,72,2,27,760.4,0.1515,95.867895,0.8,1.8,3,229,35
Co,1.88,72,2,27,760.4,0.1515,95.867895,0.8,1.8,0.1,435,35
S,2.58,184,2,16,999.6,0.06,88.8636,0.8,1.8,0.2,316,36
S,2.58,184,2,16,999.6,0.06,88.8636,0.8,1.8,0.5,310,36
S,2.58,184,2,16,999.6,0.06,88.8636,0.8,1.8,1,258,36
S,2.58,184,2,16,999.6,0.06,88.8636,0.8,1.8,2,196,36
S,2.58,184,2,16,999.6,0.06,88.8636,0.8,1.8,0.2,330,36
Na,0.93,97,1,11,495.8,0.275,93.2595,0.8,1.8,0.1,213,37
Na,0.93,97,1,11,495.8,0.275,93.2595,0.8,1.8,0.2,202,37
Na,0.93,97,1,11,495.8,0.275,93.2595,0.8,1.8,0.3,191,37
Na,0.93,97,1,11,495.8,0.275,93.2595,0.8,1.8,0.4,181,37
Na,0.93,97,1,11,495.8,0.275,93.2595,0.8,1.8,0.5,143,37
Na,0.93,97,1,11,495.8,0.275,93.2595,0.8,1.8,0.8,118,37
Na,0.93,97,1,11,495.8,0.275,93.2595,0.8,1.8,1,91,37
Na,0.93,97,1,11,495.8,0.275,93.2595,0.8,1.8,1.2,72,37
Na,0.93,97,1,11,495.8,0.275,93.2595,0.8,1.8,1.5,54,37
Na,0.93,97,1,11,495.8,0.275,93.2595,0.8,1.8,1.5,55,37
Na,0.93,97,1,11,495.8,0.275,93.2595,0.8,1.8,1.2,65,37
Na,0.93,97,1,11,495.8,0.275,93.2595,0.8,1.8,1,89,37
Na,0.93,97,1,11,495.8,0.275,93.2595,0.8,1.8,0.8,110,37
Na,0.93,97,1,11,495.8,0.275,93.2595,0.8,1.8,0.5,145,37
Na,0.93,97,1,11,495.8,0.275,93.2595,0.8,1.8,0.4,179,37
Na,0.93,97,1,11,495.8,0.275,93.2595,0.8,1.8,0.3,191,37
Na,0.93,97,1,11,495.8,0.275,93.2595,0.8,1.8,0.2,205,37
Na,0.93,97,1,11,495.8,0.275,93.2595,0.8,1.8,0.1,216,37
Ag,1.93,126,1,47,731,0.1,97.726,1,1.9,0.5,449,38
Ag,1.93,126,1,47,731,0.1,97.726,1,1.9,1,379,38
Ag,1.93,126,1,47,731,0.1,97.726,1,1.9,2,291,38
Ag,1.93,126,1,47,731,0.1,97.726,1,1.9,5,188,38
Cu,1.9,96,1,29,745.5,0.049,90.05346,0.9,1.8,0.1,269,39
Cu,1.9,96,1,29,745.5,0.049,90.05346,0.9,1.8,0.2,258,39
Cu,1.9,96,1,29,745.5,0.049,90.05346,0.9,1.8,0.3,234,39
Cu,1.9,96,1,29,745.5,0.049,90.05346,0.9,1.8,0.5,215,39
Cu,1.9,96,1,29,745.5,0.049,90.05346,0.9,1.8,1,193,39
Cu,1.9,96,1,29,745.5,0.049,90.05346,0.9,1.8,2,153,39
Cu,1.9,96,1,29,745.5,0.049,90.05346,0.9,1.8,3,104,39
Cu,1.9,96,1,29,745.5,0.049,90.05346,0.9,1.8,0.1,257,39
Cu,1.9,96,1,29,745.5,0.00158,87.0403932,1,1.8,0.1,340,40
Cu,1.9,96,1,29,745.5,0.00158,87.0403932,1,1.8,0.2,352,40
Cu,1.9,96,1,29,745.5,0.00158,87.0403932,1,1.8,0.4,280,40
Cu,1.9,96,1,29,745.5,0.00158,87.0403932,1,1.8,0.8,219,40
Cu,1.9,96,1,29,745.5,0.00158,87.0403932,1,1.8,1.6,176,40
Cu,1.9,96,1,29,745.5,0.00158,87.0403932,1,1.8,0.8,218,40
Cu,1.9,96,1,29,745.5,0.00158,87.0403932,1,1.8,0.4,301,40
Cu,1.9,96,1,29,745.5,0.00158,87.0403932,1,1.8,0.2,324,40
Cu,1.9,96,1,29,745.5,0.00158,87.0403932,1,1.8,0.1,414,40
V,1.63,74,3,23,650.9,0.452,109.96488,1,1.8,0.1,178,41
V,1.63,74,3,23,650.9,0.452,109.96488,1,1.8,0.2,153,41
V,1.63,74,3,23,650.9,0.452,109.96488,1,1.8,0.4,116,41
V,1.63,74,3,23,650.9,0.452,109.96488,1,1.8,0.6,104,41
V,1.63,74,3,23,650.9,0.452,109.96488,1,1.8,0.8,99,41
V,1.63,74,3,23,650.9,0.452,109.96488,1,1.8,1,96,41
V,1.63,74,3,23,650.9,0.452,109.96488,1,1.8,0.1,160,41
Zn,1.65,74,2,30,906.4,0.014,87.85532,1,1.8,0.05,366,42
Zn,1.65,74,2,30,906.4,0.014,87.85532,1,1.8,0.1,287,42
Zn,1.65,74,2,30,906.4,0.014,87.85532,1,1.8,0.2,190,42
Zn,1.65,74,2,30,906.4,0.014,87.85532,1,1.8,0.5,110,42
Zn,1.65,74,2,30,906.4,0.014,87.85532,1,1.8,0.025,391,42
Zn,1.65,74,2,30,906.4,0.02,88.2476,1,1.8,0.025,323,42
Zn,1.65,74,2,30,906.4,0.02,88.2476,1,1.8,0.05,302,42
Zn,1.65,74,2,30,906.4,0.02,88.2476,1,1.8,0.1,230,42
Zn,1.65,74,2,30,906.4,0.02,88.2476,1,1.8,0.2,138,42
Zn,1.65,74,2,30,906.4,0.02,88.2476,1,1.8,0.5,84,42
Zn,1.65,74,2,30,906.4,0.02,88.2476,1,1.8,0.025,285,42
K,0.82,133,1,19,418.8,0.19,94.3671,0.4,2,1,106,43
K,0.82,133,1,19,418.8,0.19,94.3671,0.4,2,2,86,43
K,0.82,133,1,19,418.8,0.19,94.3671,0.4,2,4,67,43
K,0.82,133,1,19,418.8,0.19,94.3671,0.4,2,6,57,43
K,0.82,133,1,19,418.8,0.19,94.3671,0.4,2,8,50,43
H,2.2,154,1,1,1312,0.08,87.02,1,1.9,0.2,283,44
H,2.2,154,1,1,1312,0.08,87.02,1,1.9,0.5,253,44
H,2.2,154,1,1,1312,0.08,87.02,1,1.9,1,197,44
H,2.2,154,1,1,1312,0.08,87.02,1,1.9,3,119,44
H,2.2,154,1,1,1312,0.08,87.02,1,1.9,5,63,44
H,2.2,154,1,1,1312,0.08,87.02,1,1.9,2,281,44
Ni,1.91,69,2,28,737.1,0.25,101.6125,1,1.8,0.1,263,45
Ni,1.91,69,2,28,737.1,0.25,101.6125,1,1.8,0.2,225,45
Ni,1.91,69,2,28,737.1,0.25,101.6125,1,1.8,0.4,186,45
Ni,1.91,69,2,28,737.1,0.25,101.6125,1,1.8,0.8,149,45
Ni,1.91,69,2,28,737.1,0.25,101.6125,1,1.8,1.6,120,45
Ni,1.91,69,2,28,737.1,0.25,101.6125,1,1.8,3.2,100,45
Ni,1.91,69,2,28,737.1,0.25,101.6125,1,1.8,0.1,187,45
Se,2.55,191,2,34,941,0.79,149.3184,0.8,1.8,0.1,264,46
Se,2.55,191,2,34,941,0.79,149.3184,0.8,1.8,0.3,246,46
Se,2.55,191,2,34,941,0.79,149.3184,0.8,1.8,0.5,219,46
Se,2.55,191,2,34,941,0.79,149.3184,0.8,1.8,1,181,46
Se,2.55,191,2,34,941,0.79,149.3184,0.8,1.8,2,128,46
Se,2.55,191,2,34,941,0.79,149.3184,0.8,1.8,3,89,46
Se,2.55,191,2,34,941,0.79,149.3184,0.8,1.8,0.1,300,46
Se,2.55,191,2,34,941,0.39,117.7344,0.8,1.8,0.1,285,46
Se,2.55,191,2,34,941,0.39,117.7344,0.8,1.8,0.3,283,46
Se,2.55,191,2,34,941,0.39,117.7344,0.8,1.8,0.5,240,46
Se,2.55,191,2,34,941,0.39,117.7344,0.8,1.8,1,194,46
Se,2.55,191,2,34,941,0.39,117.7344,0.8,1.8,2,136,46
Se,2.55,191,2,34,941,0.39,117.7344,0.8,1.8,3,104,46
Se,2.55,191,2,34,941,0.39,117.7344,0.8,1.8,5,57,46
Se,2.55,191,2,34,941,0.39,117.7344,0.8,1.8,0.1,341,46
Se,2.55,191,2,34,941,0.26,107.4696,0.8,1.8,0.1,298,46
Se,2.55,191,2,34,941,0.26,107.4696,0.8,1.8,0.3,250,46
Se,2.55,191,2,34,941,0.26,107.4696,0.8,1.8,0.5,204,46
Se,2.55,191,2,34,941,0.26,107.4696,0.8,1.8,1,161,46
Se,2.55,191,2,34,941,0.26,107.4696,0.8,1.8,2,105,46
Se,2.55,191,2,34,941,0.26,107.4696,0.8,1.8,3,65,46
Se,2.55,191,2,34,941,0.26,107.4696,0.8,1.8,0.1,306,46
P,2.19,35,5,15,1011.8,0.39,99.0183,0.8,1.8,0.1,255,46
P,2.19,35,5,15,1011.8,0.39,99.0183,0.8,1.8,0.3,307,46
P,2.19,35,5,15,1011.8,0.39,99.0183,0.8,1.8,0.5,286,46
P,2.19,35,5,15,1011.8,0.39,99.0183,0.8,1.8,1,236,46
P,2.19,35,5,15,1011.8,0.39,99.0183,0.8,1.8,2,180,46
P,2.19,35,5,15,1011.8,0.39,99.0183,0.8,1.8,3,131,46
P,2.19,35,5,15,1011.8,0.39,99.0183,0.8,1.8,5,69,46
P,2.19,35,5,15,1011.8,0.39,99.0183,0.8,1.8,0.1,343,46
Fe,1.83,64,3,26,762.5,0.06,90.2904,0.8,1.8,0.1,328,47
Fe,1.83,64,3,26,762.5,0.06,90.2904,0.8,1.8,0.2,381,47
Fe,1.83,64,3,26,762.5,0.06,90.2904,0.8,1.8,0.5,333,47
Fe,1.83,64,3,26,762.5,0.06,90.2904,0.8,1.8,1,263,47
Fe,1.83,64,3,26,762.5,0.06,90.2904,0.8,1.8,2,187,47
Fe,1.83,64,3,26,762.5,0.06,90.2904,0.8,1.8,0.5,295,47
Fe,1.83,64,3,26,762.5,0.06,90.2904,0.8,1.8,0.2,348,47
Fe,1.83,64,3,26,762.5,0.06,90.2904,0.8,1.8,0.1,414,47
Al,1.61,51,3,13,577.5,0.0023,87.002054,1,1.9,0.05,56,48
Al,1.61,51,3,13,577.5,0.004,87.04792,1,1.9,0.05,86,48
Al,1.61,51,3,13,577.5,0.014,87.31772,1,1.9,0.05,317,48
Al,1.61,51,3,13,577.5,0.0238,87.582124,1,1.9,0.05,347,48
Al,1.61,51,3,13,577.5,0.038,87.96524,1,1.9,0.05,322,48
K,0.82,133,1,19,418.8,0.1,90.849,0.8,1.8,0.1,218,49
K,0.82,133,1,19,418.8,0.1,90.849,0.8,1.8,0.2,263,49
K,0.82,133,1,19,418.8,0.1,90.849,0.8,1.8,0.5,182,49
K,0.82,133,1,19,418.8,0.1,90.849,0.8,1.8,1,129,49
K,0.82,133,1,19,418.8,0.1,90.849,0.8,1.8,2,91,49
K,0.82,133,1,19,418.8,0.1,90.849,0.8,1.8,0.1,331,49
Zn,1.65,74,2,30,906.4,0.1887,99.277206,0.95,1.85,0.5,418,50
Zn,1.65,74,2,30,906.4,0.1887,99.277206,0.95,1.85,1,350,50
Zn,1.65,74,2,30,906.4,0.1887,99.277206,0.95,1.85,3,247,50
Bi,2.02,74,5,83,703,0.047,96.76206,0.8,1.9,0.3,305,51
Bi,2.02,74,5,83,703,0.047,96.76206,0.8,1.9,0.5,295,51
Bi,2.02,74,5,83,703,0.047,96.76206,0.8,1.9,1,250,51
Bi,2.02,74,5,83,703,0.047,96.76206,0.8,1.9,3,160,51
Bi,2.02,74,5,83,703,0.047,96.76206,0.8,1.9,5,114,51
Bi,2.02,74,5,83,703,0.047,96.76206,0.8,1.9,3,152,51
Bi,2.02,74,5,83,703,0.047,96.76206,0.8,1.9,1,245,51
Bi,2.02,74,5,83,703,0.047,96.76206,0.8,1.9,0.5,296,51
Bi,2.02,74,5,83,703,0.047,96.76206,0.8,1.9,0.3,333,51
K,0.82,133,1,19,418.8,0.25,96.7125,0.8,1.8,0.67,267,52
K,0.82,133,1,19,418.8,0.25,96.7125,0.8,1.8,1.34,198,52
K,0.82,133,1,19,418.8,0.25,96.7125,0.8,1.8,2,168,52
K,0.82,133,1,19,418.8,0.25,96.7125,0.8,1.8,4,71,52
K,0.82,133,1,19,418.8,0.25,96.7125,0.8,1.8,0.67,309,52
K,0.82,133,1,19,418.8,0.05,88.8945,0.8,1.8,0.1,344,53
K,0.82,133,1,19,418.8,0.05,88.8945,0.8,1.8,0.2,317,53
K,0.82,133,1,19,418.8,0.05,88.8945,0.8,1.8,0.3,283,53
K,0.82,133,1,19,418.8,0.05,88.8945,0.8,1.8,0.4,259,53
K,0.82,133,1,19,418.8,0.05,88.8945,0.8,1.8,0.5,230,53
K,0.82,133,1,19,418.8,0.05,88.8945,0.8,1.8,1,141,53
K,0.82,133,1,19,418.8,0.05,88.8945,0.8,1.8,3,75,53
K,0.82,133,1,19,418.8,0.05,88.8945,0.8,1.8,1,151,53
K,0.82,133,1,19,418.8,0.05,88.8945,0.8,1.8,0.1,366,53
Cu,1.9,96,1,29,745.5,0.0395,89.44983,1,1.8,0.02,380,54
Cu,1.9,96,1,29,745.5,0.0395,89.44983,1,1.8,0.05,359,54
Cu,1.9,96,1,29,745.5,0.0395,89.44983,1,1.8,0.1,352,54
Cu,1.9,96,1,29,745.5,0.0395,89.44983,1,1.8,0.2,333,54
Cu,1.9,96,1,29,745.5,0.0395,89.44983,1,1.8,0.5,303,54
Cu,1.9,96,1,29,745.5,0.06269,90.9233226,1,1.8,0.02,320,54
Cu,1.9,96,1,29,745.5,0.06269,90.9233226,1,1.8,0.05,308,54
Cu,1.9,96,1,29,745.5,0.06269,90.9233226,1,1.8,0.1,310,54
Cu,1.9,96,1,29,745.5,0.06269,90.9233226,1,1.8,0.2,295,54
Cu,1.9,96,1,29,745.5,0.06269,90.9233226,1,1.8,0.5,269,54
Cu,1.9,96,1,29,745.5,0.0799,92.016846,1,1.8,0.02,218,54
Cu,1.9,96,1,29,745.5,0.0799,92.016846,1,1.8,0.05,223,54
Cu,1.9,96,1,29,745.5,0.0799,92.016846,1,1.8,0.1,243,54
Cu,1.9,96,1,29,745.5,0.0799,92.016846,1,1.8,0.2,219,54
Cu,1.9,96,1,29,745.5,0.0799,92.016846,1,1.8,0.5,174,54
Ce,1.12,103.4,3,58,534.4,0.007299,87.96266289,1,1.8,0.154,199,55
Ce,1.12,103.4,3,58,534.4,0.007299,87.96266289,1,1.8,0.3,167,55
Ce,1.12,103.4,3,58,534.4,0.007299,87.96266289,1,1.8,0.61,124,55
Ce,1.12,103.4,3,58,534.4,0.007299,87.96266289,1,1.8,0.92,94,55
Ce,1.12,103.4,3,58,534.4,0.007299,87.96266289,1,1.8,1.23,72,55
Ce,1.12,103.4,3,58,534.4,0.007299,87.96266289,1,1.8,1.54,59,55
Ce,1.12,103.4,3,58,534.4,0.007299,87.96266289,1,1.8,0.154,204,55
Zn,1.65,74,2,30,906.4,0.1515,96.84507,0.8,1.9,0.3,182,56
Zn,1.65,74,2,30,906.4,0.1515,96.84507,0.8,1.9,0.5,127,56
Zn,1.65,74,2,30,906.4,0.1515,96.84507,0.8,1.9,0.7,83,56
Zn,1.65,74,2,30,906.4,0.1515,96.84507,0.8,1.9,0.7,83,56
Zn,1.65,74,2,30,906.4,0.1515,96.84507,0.8,1.9,0.5,131,56
Zn,1.65,74,2,30,906.4,0.1515,96.84507,0.8,1.9,0.3,199,56
Mg,1.31,66,2,12,737.7,0.0157,87.32151,1,1.8,0.1,286,57
Mg,1.31,66,2,12,737.7,0.0157,87.32151,1,1.8,0.3,388,57
Mg,1.31,66,2,12,737.7,0.0157,87.32151,1,1.8,0.5,383,57
Mg,1.31,66,2,12,737.7,0.0157,87.32151,1,1.8,1,349,57
Mg,1.31,66,2,12,737.7,0.0157,87.32151,1,1.8,3,272,57
Mg,1.31,66,2,12,737.7,0.0157,87.32151,1,1.8,5,228,57
